City_ID,City,Lat,Lng,Max Temp,Humidity,Cloudiness,Wind Speed,Country,Date
0,Cabo San Lucas,22.89,-109.91,84.99,66,20,5.82,MX,2020-09-05 15:13:56
1,Kenai,60.55,-151.26,35.6,86,1,2.8,US,2020-09-05 15:13:56
2,Bengkulu,-3.8,102.27,77.05,88,97,2.89,ID,2020-09-05 15:12:05
3,Gamba,-2.65,10.0,76.12,75,96,8.16,GA,2020-09-05 15:13:57
4,Albany,42.6,-73.97,69.01,50,0,5.5,US,2020-09-05 15:13:57
5,Luderitz,-26.65,15.16,64.2,56,0,29.19,NA,2020-09-05 15:13:57
6,Bredasdorp,-34.53,20.04,55.4,87,100,11.41,ZA,2020-09-05 15:13:57
7,Barrow,71.29,-156.79,37.4,93,90,4.7,US,2020-09-05 15:13:58
8,Abu Kamal,34.45,40.92,102.85,8,0,5.57,SY,2020-09-05 15:13:58
9,Nikolskoye,59.7,30.79,66.2,63,75,11.18,RU,2020-09-05 15:13:58
10,Eureka,40.8,-124.16,53.01,100,0,4.07,US,2020-09-05 15:10:48
11,Puerto Ayora,-0.74,-90.35,69.01,88,98,5.99,EC,2020-09-05 15:13:59
12,Rikitea,-23.12,-134.97,71.49,81,4,17.22,PF,2020-09-05 15:10:43
13,Caravelas,-17.71,-39.25,80.78,60,32,7.2,BR,2020-09-05 15:13:59
14,Busselton,-33.65,115.33,62.01,71,66,18.99,AU,2020-09-05 15:13:59
15,Aklavik,68.22,-135.01,32.0,85,90,5.82,CA,2020-09-05 15:14:00
16,Tura,25.52,90.22,76.08,91,9,3.04,IN,2020-09-05 15:14:00
17,Avarua,-21.21,-159.78,73.4,88,100,9.17,CK,2020-09-05 15:14:00
18,Soe,-9.86,124.28,63.57,99,60,5.08,ID,2020-09-05 15:12:42
19,Hobart,-42.88,147.33,48.99,70,75,6.93,AU,2020-09-05 15:12:02
20,Cape Town,-33.93,18.42,57.99,87,40,14.99,ZA,2020-09-05 15:14:01
21,Launceston,-41.45,147.17,43.0,93,0,11.41,AU,2020-09-05 15:14:01
22,Jamestown,42.1,-79.24,68.0,82,90,8.05,US,2020-09-05 15:14:01
23,Klaksvik,62.23,-6.59,46.4,87,100,19.46,FO,2020-09-05 15:14:02
24,Ribeira Grande,38.52,-28.7,75.2,53,40,19.46,PT,2020-09-05 15:14:02
25,Atuona,-9.8,-139.03,79.14,74,14,20.87,PF,2020-09-05 15:10:43
26,College,64.86,-147.8,44.01,93,90,3.36,US,2020-09-05 15:14:03
27,New Norfolk,-42.78,147.06,48.99,71,38,1.99,AU,2020-09-05 15:14:03
28,Jalu,29.03,21.55,99.86,14,0,18.52,LY,2020-09-05 15:14:03
29,Elizabeth City,36.29,-76.25,82.4,51,1,17.22,US,2020-09-05 15:14:03
30,Moindou,-21.69,165.68,64.4,77,90,5.82,NC,2020-09-05 15:14:04
31,Yumen,40.28,97.2,68.27,29,77,2.17,CN,2020-09-05 15:14:04
32,Hami,42.8,93.45,79.14,22,0,15.93,CN,2020-09-05 15:10:24
33,Ushuaia,-54.8,-68.3,39.2,74,90,11.41,AR,2020-09-05 15:14:04
34,Labuhan,-6.88,112.21,79.38,73,9,5.77,ID,2020-09-05 15:14:05
35,Mehamn,71.04,27.85,59.04,68,69,14.47,NO,2020-09-05 15:14:05
36,Hilo,19.73,-155.09,73.4,83,90,4.7,US,2020-09-05 15:10:42
37,Leon Valley,29.5,-98.62,81.0,78,75,3.36,US,2020-09-05 15:14:06
38,Kaitangata,-46.28,169.85,44.01,80,67,1.01,NZ,2020-09-05 15:14:06
39,Bluff,-46.6,168.33,45.0,72,71,11.01,NZ,2020-09-05 15:14:06
40,Punta Arenas,-53.15,-70.92,37.4,86,75,14.99,CL,2020-09-05 15:09:45
41,Norman,35.22,-97.44,81.0,78,1,5.82,US,2020-09-05 15:14:06
42,Pangody,65.85,74.49,45.5,69,0,16.15,RU,2020-09-05 15:14:07
43,Cozumel,20.51,-86.95,87.01,79,40,10.29,MX,2020-09-05 15:14:07
44,Dikson,73.51,80.55,42.12,89,19,16.93,RU,2020-09-05 15:10:09
45,Lasa,46.62,10.7,75.0,59,5,10.29,IT,2020-09-05 15:14:08
46,Tautira,-17.73,-149.15,75.2,83,75,5.82,PF,2020-09-05 15:14:08
47,Cayenne,4.93,-52.33,89.6,59,0,5.82,GF,2020-09-05 15:14:08
48,Lebu,-37.62,-73.65,52.02,66,84,6.49,CL,2020-09-05 15:09:45
49,Mataura,-46.19,168.86,45.0,72,19,11.01,NZ,2020-09-05 15:14:09
50,Pocone,-16.26,-56.62,103.19,13,76,9.1,BR,2020-09-05 15:14:09
51,Hithadhoo,-0.6,73.08,79.03,87,100,28.77,MV,2020-09-05 15:14:09
52,Gazalkent,41.56,69.77,84.2,23,33,6.93,UZ,2020-09-05 15:14:09
53,Qaqortoq,60.72,-46.03,46.4,87,75,5.82,GL,2020-09-05 15:14:10
54,Arlit,18.74,7.39,103.44,13,0,4.18,NE,2020-09-05 15:14:10
55,Gogrial,8.53,28.1,84.4,73,26,3.65,SS,2020-09-05 15:14:10
56,Vila Do Maio,15.13,-23.22,75.2,94,75,14.99,CV,2020-09-05 15:14:11
57,Narayanpet,16.73,77.5,83.01,71,69,1.59,IN,2020-09-05 15:14:11
58,Bathsheba,13.22,-59.52,87.8,66,40,17.22,BB,2020-09-05 15:14:11
59,Yellowknife,62.46,-114.35,46.99,81,40,9.17,CA,2020-09-05 15:14:12
60,Norman Wells,65.28,-126.83,39.2,93,75,4.7,CA,2020-09-05 15:14:12
61,Port Hardy,50.7,-127.42,48.2,100,75,4.7,CA,2020-09-05 15:14:12
62,Camacha,33.08,-16.33,75.2,78,75,13.87,PT,2020-09-05 15:14:13
63,Morwell,-38.23,146.4,39.99,94,3,0.65,AU,2020-09-05 15:14:13
64,Medvedovskaya,45.45,39.03,69.8,94,75,17.9,RU,2020-09-05 15:12:03
65,Linhares,-19.39,-40.07,87.26,39,2,5.79,BR,2020-09-05 15:14:13
66,Lorengau,-2.02,147.27,82.62,74,96,6.46,PG,2020-09-05 15:14:14
67,Hermanus,-34.42,19.23,54.0,88,100,1.01,ZA,2020-09-05 15:14:14
68,Whitehorse,60.72,-135.05,32.0,77,75,2.24,CA,2020-09-05 15:13:44
69,Castro,-24.79,-50.01,79.59,43,70,7.83,BR,2020-09-05 15:14:15
70,Vaini,-21.2,-175.2,69.8,73,40,11.41,TO,2020-09-05 15:14:16
71,Lavrentiya,65.58,-171.0,41.11,80,95,2.44,RU,2020-09-05 15:14:16
72,Tommot,58.96,126.29,51.53,88,84,0.51,RU,2020-09-05 15:13:40
73,Tupiza,-21.45,-65.72,74.07,10,0,20.2,BO,2020-09-05 15:14:16
74,Bambous Virieux,-20.34,57.76,70.0,83,40,12.75,MU,2020-09-05 15:14:17
75,Pisco,-13.7,-76.22,62.6,77,0,3.36,PE,2020-09-05 15:12:48
76,Cidreira,-30.18,-50.21,57.15,92,100,18.39,BR,2020-09-05 15:14:18
77,Pochutla,15.74,-96.47,77.0,73,75,1.45,MX,2020-09-05 15:14:18
78,Karratha,-20.74,116.85,69.94,75,71,4.74,AU,2020-09-05 15:14:18
79,Xapuri,-10.65,-68.5,103.3,28,0,1.07,BR,2020-09-05 15:14:19
80,Mar Del Plata,-38.0,-57.56,51.8,66,75,9.17,AR,2020-09-05 15:14:19
81,Kapaa,22.08,-159.32,80.6,69,90,12.75,US,2020-09-05 15:14:19
82,Akdepe,42.06,59.38,78.8,18,74,11.41,TM,2020-09-05 15:14:19
83,Daltenganj,24.03,84.07,80.6,81,61,3.09,IN,2020-09-05 15:14:20
84,Adrar,20.5,-10.07,101.08,23,81,13.76,MR,2020-09-05 15:14:20
85,Port Alfred,-33.59,26.89,64.71,69,74,14.14,ZA,2020-09-05 15:09:38
86,Senanga,-16.12,23.27,88.75,12,0,10.0,ZM,2020-09-05 15:14:21
87,Pevek,69.7,170.31,35.4,85,11,7.76,RU,2020-09-05 15:13:01
88,Port Elizabeth,-33.92,25.57,59.0,87,20,3.36,ZA,2020-09-05 15:14:21
89,Bilma,18.69,12.92,104.13,13,27,4.79,NE,2020-09-05 15:14:21
90,Xiangxiang,27.73,112.53,74.43,85,90,1.61,CN,2020-09-05 15:14:22
91,Letlhakeng,-24.09,25.03,84.99,15,0,7.99,BW,2020-09-05 15:14:22
92,Saskylakh,71.92,114.08,42.39,86,100,10.04,RU,2020-09-05 15:10:09
93,Zyryanka,65.75,150.85,45.37,70,0,5.06,RU,2020-09-05 15:14:23
94,Paracuru,-3.41,-39.03,79.0,65,0,25.01,BR,2020-09-05 15:14:23
95,Fortuna,40.6,-124.16,53.01,100,1,8.05,US,2020-09-05 15:11:19
96,Gushikawa,26.35,127.87,78.8,94,40,26.4,JP,2020-09-05 15:14:25
97,Tutoia,-2.76,-42.27,89.11,49,39,13.4,BR,2020-09-05 15:14:26
98,Qaanaaq,77.48,-69.36,28.0,81,1,5.84,GL,2020-09-05 15:10:33
99,Fengzhen,40.44,113.15,63.88,43,35,4.9,CN,2020-09-05 15:14:27
100,Puerto Boyaca,5.98,-74.59,84.92,67,73,3.6,CO,2020-09-05 15:12:33
101,Nanortalik,60.14,-45.24,47.95,89,100,15.17,GL,2020-09-05 15:14:27
102,Jurm,36.86,70.83,65.08,27,0,3.04,AF,2020-09-05 15:14:28
103,Longyearbyen,78.22,15.64,44.6,93,75,1.12,SJ,2020-09-05 15:14:28
104,Kaset Sombun,16.28,101.95,79.47,81,97,3.58,TH,2020-09-05 15:14:28
105,Saint George,37.1,-113.58,78.8,10,1,3.36,US,2020-09-05 15:14:29
106,Wairoa,-39.03,177.37,46.99,90,76,1.99,NZ,2020-09-05 15:14:29
107,Constitucion,-35.33,-72.42,52.88,78,99,10.29,CL,2020-09-05 15:09:45
108,Airai,-8.93,125.41,56.71,66,82,3.44,TL,2020-09-05 15:14:30
109,Roald,62.58,6.13,57.0,76,75,14.99,NO,2020-09-05 15:09:57
110,Ocean City,39.28,-74.57,77.0,44,1,10.29,US,2020-09-05 15:14:30
111,Novobelokatay,55.71,58.95,49.26,88,8,4.68,RU,2020-09-05 15:14:31
112,Teya,60.38,92.63,42.62,89,90,4.43,RU,2020-09-05 15:14:31
113,Tiksi,71.69,128.87,46.02,95,100,6.04,RU,2020-09-05 15:10:09
114,Upernavik,72.79,-56.15,35.06,78,24,13.22,GL,2020-09-05 15:10:01
115,Beidao,34.57,105.89,62.28,78,91,2.01,CN,2020-09-05 15:14:31
116,Amapa,1.0,-52.0,92.08,44,42,4.97,BR,2020-09-05 15:14:32
117,Ilulissat,69.22,-51.1,39.2,80,75,8.05,GL,2020-09-05 15:14:32
118,Sitka,57.05,-135.33,46.4,93,75,3.36,US,2020-09-05 15:11:09
119,Teahupoo,-17.83,-149.27,75.2,83,75,5.82,PF,2020-09-05 15:14:32
120,Doha,25.29,51.53,100.4,31,0,6.93,QA,2020-09-05 15:12:49
121,Redding,40.59,-122.39,77.0,64,90,3.94,US,2020-09-05 15:10:48
122,Garissa,-0.45,39.64,86.0,43,22,21.0,KE,2020-09-05 15:14:33
123,Kutum,14.2,24.67,86.36,30,36,10.16,SD,2020-09-05 15:14:33
124,Namie,37.48,141.0,77.0,89,8,3.33,JP,2020-09-05 15:14:34
125,Ust-Kuyga,70.02,135.6,42.55,88,66,0.92,RU,2020-09-05 15:14:34
126,Saint-Philippe,-21.36,55.77,71.6,77,75,16.11,RE,2020-09-05 15:14:34
127,Sieut,46.98,24.65,78.8,41,1,6.93,RO,2020-09-05 15:14:35
128,Dakoro,14.51,6.76,95.2,32,99,2.39,NE,2020-09-05 15:14:35
129,Cutervo,-6.38,-78.82,60.93,70,42,7.36,PE,2020-09-05 15:14:35
130,Nkhotakota,-12.93,34.3,75.45,43,0,10.04,MW,2020-09-05 15:14:36
131,Owando,-0.48,15.9,86.61,56,100,4.83,CG,2020-09-05 15:12:48
132,Mahebourg,-20.41,57.7,69.8,83,40,12.75,MU,2020-09-05 15:10:56
133,Kajaani,64.23,27.73,60.8,77,23,9.17,FI,2020-09-05 15:14:36
134,Hirtshals,57.59,9.96,60.01,66,10,7.0,DK,2020-09-05 15:14:36
135,Katsuura,35.13,140.3,80.6,88,75,10.29,JP,2020-09-05 15:14:37
136,Lagoa,39.05,-27.98,69.22,72,100,20.74,PT,2020-09-05 15:14:37
137,Perehonivka,48.54,30.52,73.0,50,74,13.53,UA,2020-09-05 15:14:37
138,Maumere,-8.62,122.21,76.78,81,73,4.72,ID,2020-09-05 15:10:45
139,Turukhansk,65.82,87.98,51.48,78,100,13.62,RU,2020-09-05 15:10:09
140,Tuktoyaktuk,69.45,-133.04,37.4,86,90,10.29,CA,2020-09-05 15:14:38
141,Tabuk,17.42,121.44,75.0,89,56,2.73,PH,2020-09-05 15:14:38
142,Mount Gambier,-37.83,140.77,41.0,100,0,3.36,AU,2020-09-05 15:10:42
143,Yerbogachen,61.28,108.01,56.82,83,43,8.93,RU,2020-09-05 15:10:10
144,Chapadinha,-3.74,-43.36,94.98,35,53,5.79,BR,2020-09-05 15:14:39
145,Geraldton,-28.77,114.6,53.6,93,75,8.05,AU,2020-09-05 15:14:39
146,Chuy,-33.7,-53.46,57.65,67,2,9.19,UY,2020-09-05 15:14:39
147,Nome,64.5,-165.41,37.4,93,40,3.36,US,2020-09-05 15:10:31
148,San Cristobal,7.77,-72.22,84.2,70,20,2.24,VE,2020-09-05 15:14:40
149,Pangnirtung,66.15,-65.71,46.4,49,20,4.7,CA,2020-09-05 15:10:37
150,Qinhuangdao,39.93,119.59,68.36,84,0,3.49,CN,2020-09-05 15:14:40
151,Sanming,26.25,117.62,72.28,80,0,1.45,CN,2020-09-05 15:14:40
152,Victoria,22.29,114.16,84.0,86,36,5.01,HK,2020-09-05 15:12:55
153,East London,-33.02,27.91,59.0,87,75,12.75,ZA,2020-09-05 15:14:41
154,Vardo,70.37,31.11,59.0,77,75,5.82,NO,2020-09-05 15:14:41
155,Arraial Do Cabo,-22.97,-42.03,80.6,78,20,14.99,BR,2020-09-05 15:14:42
156,Sai Buri,6.7,101.62,80.94,80,30,4.12,TH,2020-09-05 15:14:42
157,Cherskiy,68.75,161.3,37.53,76,0,8.3,RU,2020-09-05 15:10:10
158,Clyde River,70.47,-68.59,35.6,93,75,19.46,CA,2020-09-05 15:10:32
159,Tucurui,-3.77,-49.67,99.28,28,82,5.12,BR,2020-09-05 15:14:43
160,Provideniya,64.38,-173.3,40.78,74,100,4.07,RU,2020-09-05 15:10:10
161,Vila,42.03,-8.16,87.01,39,0,5.01,PT,2020-09-05 15:14:43
162,Portland,45.52,-122.68,61.0,72,90,2.1,US,2020-09-05 15:14:43
163,Galle,6.04,80.22,79.95,85,100,7.56,LK,2020-09-05 15:10:20
164,Saldanha,-33.01,17.94,55.4,82,100,11.41,ZA,2020-09-05 15:14:44
165,Two Hills,53.72,-111.75,60.13,72,99,3.36,CA,2020-09-05 15:14:44
166,Shache,38.42,77.24,66.09,36,29,2.64,CN,2020-09-05 15:14:44
167,Pringsewu,-5.36,104.97,73.35,90,88,5.32,ID,2020-09-05 15:14:45
168,Axim,4.87,-2.24,79.54,72,99,11.45,GH,2020-09-05 15:14:45
169,Kaligutan,7.7,125.81,84.2,79,40,5.82,PH,2020-09-05 15:14:45
170,Chokurdakh,70.63,147.92,41.9,66,100,11.59,RU,2020-09-05 15:14:46
171,Yar-Sale,66.83,70.83,43.77,73,64,7.83,RU,2020-09-05 15:14:46
172,Sovkhoznyy,45.29,38.11,71.6,88,75,2.24,RU,2020-09-05 15:14:46
173,Skelleftea,64.75,20.95,61.0,80,54,3.0,SE,2020-09-05 15:14:47
174,Airdrie,55.87,-3.98,59.0,72,97,5.01,GB,2020-09-05 15:11:15
175,Atar,20.52,-13.05,104.13,22,36,9.01,MR,2020-09-05 15:10:28
176,Kodiak,57.79,-152.41,37.4,93,1,8.05,US,2020-09-05 15:14:48
177,Khani,41.96,42.96,80.6,78,40,12.75,GE,2020-09-05 15:14:48
178,Tchaourou,8.89,2.6,77.07,84,97,9.31,BJ,2020-09-05 15:14:48
179,Nioro,13.35,-15.75,77.54,91,100,7.9,GM,2020-09-05 15:14:48
180,Cap Malheureux,-19.98,57.61,70.0,74,2,5.01,MU,2020-09-05 15:14:49
181,Fare,-16.7,-151.02,77.81,80,30,13.87,PF,2020-09-05 15:14:49
182,Shimoda,34.67,138.95,73.99,95,4,1.99,JP,2020-09-05 15:14:49
183,Ancud,-41.87,-73.82,52.0,84,97,1.01,CL,2020-09-05 15:14:50
184,High Level,58.52,-117.14,46.4,100,75,2.33,CA,2020-09-05 15:14:50
185,Faanui,-16.48,-151.75,77.72,77,67,10.07,PF,2020-09-05 15:10:43
186,Cassilandia,-19.11,-51.73,96.39,12,60,9.62,BR,2020-09-05 15:14:50
187,Carutapera,-1.2,-46.02,87.87,60,34,11.23,BR,2020-09-05 15:14:51
188,Chicama,-7.84,-79.15,70.65,55,16,7.72,PE,2020-09-05 15:14:51
189,Boa Vista,2.82,-60.67,91.4,55,40,13.87,BR,2020-09-05 15:14:51
190,Lata,40.16,-8.33,91.0,45,0,11.63,PT,2020-09-05 15:14:51
191,Bandar-E Lengeh,26.56,54.88,96.8,50,0,9.17,IR,2020-09-05 15:10:18
192,Iqaluit,63.75,-68.51,50.0,39,20,9.17,CA,2020-09-05 15:10:37
193,Torbay,47.67,-52.73,75.2,78,90,16.11,CA,2020-09-05 15:14:52
194,Murgab,37.5,61.97,91.4,16,0,9.17,TM,2020-09-05 15:14:52
195,Paamiut,61.99,-49.67,46.13,95,100,29.42,GL,2020-09-05 15:14:53
196,Yima,34.74,111.88,81.0,99,100,3.38,CN,2020-09-05 15:14:53
197,Yulara,-25.24,130.99,68.0,22,0,8.05,AU,2020-09-05 15:14:53
198,Kavieng,-2.57,150.8,82.27,79,20,12.41,PG,2020-09-05 15:14:53
199,Dhidhdhoo,6.88,73.1,82.72,80,82,17.31,MV,2020-09-05 15:10:19
200,Ridgecrest,35.62,-117.67,87.01,22,0,1.74,US,2020-09-05 15:14:37
201,Buenos Aires,-34.61,-58.38,59.0,87,0,16.11,AR,2020-09-05 15:14:54
202,Salalah,17.02,54.09,80.6,83,75,9.17,OM,2020-09-05 15:11:39
203,Papara,-3.98,-38.73,86.0,51,0,14.99,BR,2020-09-05 15:14:54
204,Kyzyl-Suu,42.34,78.0,57.52,52,0,2.55,KG,2020-09-05 15:14:55
205,Marabba,12.35,32.18,90.43,48,0,5.44,SD,2020-09-05 15:14:55
206,Severo-Kurilsk,50.68,156.12,50.88,79,83,5.08,RU,2020-09-05 15:10:14
207,Roebourne,-20.78,117.13,70.86,70,85,5.77,AU,2020-09-05 15:14:55
208,Guerrero Negro,27.98,-114.06,75.6,71,0,5.75,MX,2020-09-05 15:14:56
209,Zhigansk,66.77,123.37,45.37,89,17,10.27,RU,2020-09-05 15:10:10
210,Thompson,55.74,-97.86,42.8,87,20,3.36,CA,2020-09-05 15:10:32
211,Lervik,60.15,-1.15,51.8,81,40,20.8,GB,2020-09-05 15:14:57
212,Yarada,17.65,83.27,86.0,74,20,4.7,IN,2020-09-05 15:14:58
213,Koshurnikovo,54.17,93.3,40.93,94,0,2.33,RU,2020-09-05 15:14:58
214,Nalut,30.33,10.85,101.12,12,63,11.77,LY,2020-09-05 15:10:25
215,Goya,-29.14,-59.26,66.25,64,30,7.36,AR,2020-09-05 15:11:39
216,Nsoko,-27.03,31.95,80.6,39,0,8.05,SZ,2020-09-05 15:14:58
217,Palmer,42.16,-72.33,72.0,45,1,6.4,US,2020-09-05 15:14:59
218,Georgetown,5.41,100.34,82.4,94,20,6.93,MY,2020-09-05 15:13:49
219,Taunggyi,20.78,97.03,65.75,100,78,1.95,MM,2020-09-05 15:14:59
220,Santa Fe,-31.63,-60.7,66.0,55,99,5.01,AR,2020-09-05 15:15:00
221,Qom,34.64,50.88,86.22,12,0,10.4,IR,2020-09-05 15:10:48
222,Kaseda,31.42,130.32,73.4,83,75,11.41,JP,2020-09-05 15:15:00
223,Hofn,64.25,-15.21,46.94,60,47,11.27,IS,2020-09-05 15:15:00
224,Winnemucca,40.97,-117.74,66.2,22,1,4.7,US,2020-09-05 15:15:01
225,Ponta Do Sol,32.67,-17.1,78.8,61,40,12.75,PT,2020-09-05 15:15:01
226,Samarai,-10.62,150.67,77.9,88,94,11.27,PG,2020-09-05 15:15:02
227,Isangel,-19.55,169.27,70.16,76,18,14.18,VU,2020-09-05 15:10:42
228,Hasaki,35.73,140.83,77.0,94,75,8.05,JP,2020-09-05 15:14:34
229,Coquimbo,-29.95,-71.34,59.0,58,6,4.7,CL,2020-09-05 15:15:03
230,Broome,42.25,-75.83,68.0,59,1,6.93,US,2020-09-05 15:15:03
231,Port Hedland,-20.32,118.57,66.2,88,78,6.93,AU,2020-09-05 15:15:03
232,Bonavista,48.65,-53.11,63.28,96,100,20.33,CA,2020-09-05 15:15:04
233,Sao Joao Da Barra,-21.64,-41.05,80.6,65,75,6.93,BR,2020-09-05 15:15:04
234,Xichang,27.9,102.26,68.85,77,100,2.39,CN,2020-09-05 15:15:04
235,Khandyga,62.67,135.6,50.38,94,100,2.15,RU,2020-09-05 15:10:10
236,Faya,18.39,42.45,84.2,15,40,8.05,SA,2020-09-05 15:15:05
237,Santa Maria,-29.68,-53.81,57.2,87,90,20.8,BR,2020-09-05 15:15:05
238,Luwuk,-0.95,122.79,77.5,79,83,5.21,ID,2020-09-05 15:12:48
239,Sumbe,-11.21,13.84,73.4,85,90,8.05,AO,2020-09-05 15:15:06
240,Shorkot,31.91,70.88,94.55,42,70,11.12,PK,2020-09-05 15:15:06
241,Nantucket,41.28,-70.1,73.4,46,1,11.41,US,2020-09-05 15:15:07
242,Dubbo,-32.25,148.62,48.2,87,0,10.29,AU,2020-09-05 15:15:07
243,Butaritari,3.07,172.79,82.17,77,1,13.69,KI,2020-09-05 15:15:07
244,Grand Baie,-20.02,57.58,70.0,74,3,5.01,MU,2020-09-05 15:15:08
245,Mtwara,-10.27,40.18,82.4,54,20,14.99,TZ,2020-09-05 15:10:29
246,Khatanga,71.97,102.5,40.06,71,97,9.22,RU,2020-09-05 15:10:09
247,Lambarene,-0.7,10.24,84.09,58,31,6.6,GA,2020-09-05 15:15:08
248,Mahajanga,-15.72,46.32,78.8,54,40,4.7,MG,2020-09-05 15:15:08
249,Garowe,8.41,48.48,89.46,32,31,16.42,SO,2020-09-05 15:15:09
250,Riyadh,24.69,46.72,104.0,11,40,6.93,SA,2020-09-05 15:15:09
251,Kavaratti,10.57,72.64,83.84,72,84,3.31,IN,2020-09-05 15:15:09
252,Hovd,48.01,91.64,59.05,32,23,9.37,MN,2020-09-05 15:10:20
253,Goderich,43.75,-81.72,68.0,70,67,17.81,CA,2020-09-05 15:10:33
254,Saint Anthony,45.02,-93.22,68.0,67,1,4.9,US,2020-09-05 15:15:10
255,Puerto Colombia,10.99,-74.95,84.2,83,40,6.93,CO,2020-09-05 15:12:31
256,Sur,22.57,59.53,83.48,63,0,11.97,OM,2020-09-05 15:11:38
257,Chapais,49.78,-74.85,50.0,81,90,8.05,CA,2020-09-05 15:10:36
258,Santiago Del Estero,-27.8,-64.26,71.64,39,6,5.35,AR,2020-09-05 15:15:11
259,Maceio,-9.67,-35.74,80.6,61,75,6.93,BR,2020-09-05 15:15:11
260,Leningradskiy,69.38,178.42,33.15,92,73,3.69,RU,2020-09-05 15:15:11
261,Wichita Falls,33.91,-98.49,80.01,78,1,9.17,US,2020-09-05 15:15:11
262,Halifax,44.65,-63.57,73.0,55,68,1.99,CA,2020-09-05 15:15:12
263,Ashland,40.82,-82.27,69.01,55,1,11.41,US,2020-09-05 15:15:12
264,Sabang,5.89,95.32,83.71,73,100,17.58,ID,2020-09-05 15:10:44
265,Tarifa,36.01,-5.61,82.4,54,27,19.46,ES,2020-09-05 15:15:12
266,Newport,51.59,-3.0,66.0,57,99,1.99,GB,2020-09-05 15:15:13
267,Esperance,-33.87,121.9,59.0,72,22,6.93,AU,2020-09-05 15:10:44
268,Alofi,-19.06,-169.92,69.8,60,29,10.29,NU,2020-09-05 15:10:43
269,Richards Bay,-28.78,32.04,71.38,62,0,16.04,ZA,2020-09-05 15:15:13
270,Raga,8.46,25.68,80.85,85,96,2.66,SS,2020-09-05 15:15:13
271,Ostrovnoy,68.05,39.51,60.04,75,48,15.32,RU,2020-09-05 15:15:14
272,San Patricio,19.22,-104.7,78.8,83,90,11.54,MX,2020-09-05 15:15:14
273,Copiapo,-27.37,-70.33,55.4,71,40,10.29,CL,2020-09-05 15:15:14
274,Huambo,-12.78,15.74,85.98,13,0,9.04,AO,2020-09-05 15:15:15
275,Rocha,-34.48,-54.33,59.13,54,0,7.63,UY,2020-09-05 15:15:15
276,Alugan,12.22,125.48,81.73,80,100,3.71,PH,2020-09-05 15:15:15
277,Bethel,41.37,-73.41,72.0,45,1,5.82,US,2020-09-05 15:15:15
278,Isabela,6.71,121.97,80.49,79,88,0.85,PH,2020-09-05 15:15:16
279,Starosubkhangulovo,53.1,57.44,50.11,72,37,1.99,RU,2020-09-05 15:15:17
280,Karasjok,69.47,25.51,62.6,63,75,19.46,NO,2020-09-05 15:15:17
281,Nouadhibou,20.93,-17.03,87.8,48,20,13.87,MR,2020-09-05 15:11:32
282,Tasiilaq,65.61,-37.64,41.0,75,75,4.7,GL,2020-09-05 15:15:18
283,Springbok,-29.66,17.89,57.56,61,4,17.02,ZA,2020-09-05 15:15:18
284,Nhulunbuy,-12.23,136.77,71.6,94,40,4.7,AU,2020-09-05 15:15:18
285,Chapleau,47.84,-83.4,53.6,71,40,6.93,CA,2020-09-05 15:10:35
286,Nago,26.59,127.98,78.8,94,40,26.4,JP,2020-09-05 15:14:32
287,Beringovskiy,63.05,179.32,44.35,72,100,8.32,RU,2020-09-05 15:15:19
288,Hamada,34.88,132.08,73.09,95,100,13.44,JP,2020-09-05 15:15:19
289,Marawi,8.0,124.29,75.0,93,100,5.01,PH,2020-09-05 15:15:20
290,Lac-Megantic,45.58,-70.88,61.0,66,0,5.99,CA,2020-09-05 15:15:20
291,Wardenburg,53.07,8.2,64.99,76,44,5.99,DE,2020-09-05 15:15:20
292,High Rock,26.62,-78.28,86.0,79,75,3.36,BS,2020-09-05 15:15:20
293,Akonolinga,3.77,12.25,67.96,96,100,5.32,CM,2020-09-05 15:15:21
294,Mubi,10.27,13.26,83.14,68,15,7.36,NG,2020-09-05 15:14:55
295,Srednekolymsk,67.45,153.68,43.14,64,0,6.69,RU,2020-09-05 15:15:21
296,Hamilton,39.18,-84.53,75.0,56,1,4.7,US,2020-09-05 15:15:21
297,North Bend,43.41,-124.22,59.0,87,90,10.29,US,2020-09-05 15:15:22
298,Grindavik,63.84,-22.43,51.8,62,7,10.29,IS,2020-09-05 15:15:22
299,Oriximina,-1.77,-55.87,95.79,31,88,6.76,BR,2020-09-05 15:15:22
300,Jaciara,-15.97,-54.97,98.62,15,18,10.49,BR,2020-09-05 15:15:23
301,Yichang,30.71,111.28,76.93,72,99,2.3,CN,2020-09-05 15:15:23
302,Malanje,-9.54,16.34,89.33,18,41,3.83,AO,2020-09-05 15:15:23
303,Moen,69.13,18.61,57.2,76,100,10.29,NO,2020-09-05 15:15:24
304,Fairbanks,64.84,-147.72,44.01,100,90,5.82,US,2020-09-05 15:13:36
305,Bamako,12.65,-8.0,84.2,66,75,10.29,ML,2020-09-05 15:12:05
306,Onega,63.91,38.14,58.73,91,93,9.08,RU,2020-09-05 15:15:24
307,Nishihara,26.18,127.76,78.8,100,90,25.28,JP,2020-09-05 15:15:25
308,Plattsburgh,44.7,-73.45,68.0,55,1,5.82,US,2020-09-05 15:10:35
309,Srandakan,-7.94,110.25,76.66,83,61,4.79,ID,2020-09-05 15:11:42
310,Balezino,57.98,53.01,53.82,72,0,3.31,RU,2020-09-05 15:15:26
311,Harper,4.38,-7.72,78.67,76,68,12.19,LR,2020-09-05 15:15:26
312,Yaransk,57.3,47.89,57.25,72,100,5.59,RU,2020-09-05 15:12:20
313,Takab,36.4,47.11,73.92,20,0,9.15,IR,2020-09-05 15:15:27
314,Lozovik,44.47,21.1,82.0,38,0,1.01,RS,2020-09-05 15:15:27
315,Matara,5.95,80.54,79.32,84,99,6.51,LK,2020-09-05 15:11:11
316,Shingu,33.73,135.98,76.44,85,6,5.77,JP,2020-09-05 15:13:49
317,Solikamsk,59.62,56.77,53.38,78,26,3.27,RU,2020-09-05 15:15:28
318,Mnogovershinnyy,53.94,139.92,53.37,100,67,1.21,RU,2020-09-05 15:15:28
319,Qandala,11.47,49.87,87.6,62,1,5.7,SO,2020-09-05 15:11:49
320,Gulu,2.77,32.3,74.66,82,53,2.37,UG,2020-09-05 15:15:29
321,Saint-Augustin,51.23,-58.65,68.05,44,32,18.68,CA,2020-09-05 15:15:29
322,Vaitape,-16.52,-151.75,78.57,75,63,10.09,PF,2020-09-05 15:15:29
323,Quatre Cocos,-20.21,57.76,70.0,83,40,12.75,MU,2020-09-05 15:15:29
324,Pak Phanang,8.35,100.2,83.43,74,50,4.83,TH,2020-09-05 15:15:30
325,Omboue,-1.57,9.26,76.15,74,99,10.07,GA,2020-09-05 15:15:30
326,Nandi,13.39,77.7,82.0,88,40,5.82,IN,2020-09-05 15:15:30
327,Basco,20.45,121.97,82.65,77,43,8.77,PH,2020-09-05 15:15:31
328,Tuatapere,-46.13,167.68,45.0,72,33,11.01,NZ,2020-09-05 15:15:31
329,Acajutla,13.59,-89.83,77.0,92,95,5.08,SV,2020-09-05 15:12:15
330,Abdulino,53.7,53.67,55.58,67,0,6.73,RU,2020-09-05 15:15:32
331,Padilla,3.22,-76.31,80.6,65,40,3.36,CO,2020-09-05 15:15:32
332,Vancouver,49.25,-123.12,61.0,87,40,10.29,CA,2020-09-05 15:14:07
333,Bollnas,61.35,16.39,61.84,58,22,9.51,SE,2020-09-05 15:15:33
334,Sioux Lookout,50.1,-91.92,55.4,76,20,8.05,CA,2020-09-05 15:15:33
335,Ossora,59.24,163.07,39.9,71,0,3.49,RU,2020-09-05 15:15:33
336,Hambantota,6.12,81.12,80.6,83,40,5.82,LK,2020-09-05 15:15:21
337,Izumo,35.37,132.77,80.6,94,75,10.29,JP,2020-09-05 15:10:39
338,Lompoc,34.64,-120.46,55.4,93,1,6.24,US,2020-09-05 15:10:41
339,Ust-Ishim,57.69,71.17,48.15,71,99,5.55,RU,2020-09-05 15:15:34
340,Los Llanos De Aridane,28.66,-17.92,78.8,69,75,5.82,ES,2020-09-05 15:15:34
341,Bundaberg,-24.85,152.35,61.0,87,92,5.17,AU,2020-09-05 15:15:34
342,Fort Nelson,58.81,-122.7,46.4,81,40,1.59,CA,2020-09-05 15:15:35
343,Seydi,39.48,62.91,81.57,17,3,14.16,TM,2020-09-05 15:15:35
344,Dullewala,31.84,71.44,94.41,43,93,4.85,PK,2020-09-05 15:15:36
345,Synya,65.37,58.04,53.67,80,92,5.14,RU,2020-09-05 15:15:37
346,Kindu,-2.95,25.95,93.36,32,33,2.1,CD,2020-09-05 15:15:37
347,Ambon,-3.7,128.18,78.01,94,40,4.7,ID,2020-09-05 15:12:20
348,Oliveira,-20.7,-44.83,82.69,21,0,9.26,BR,2020-09-05 15:15:37
349,Mogadishu,2.04,45.34,80.6,61,40,14.99,SO,2020-09-05 15:10:43
350,Kruisfontein,-34.0,24.73,57.99,89,100,3.0,ZA,2020-09-05 15:15:38
351,Vostok,46.49,135.88,58.5,72,100,3.18,RU,2020-09-05 15:15:38
352,Port Lincoln,-34.73,135.87,52.9,86,0,8.25,AU,2020-09-05 15:15:38
353,Amahai,-3.33,128.92,77.77,88,71,7.36,ID,2020-09-05 15:12:42
354,Padampur,29.68,73.62,92.43,49,95,4.23,IN,2020-09-05 15:15:39
355,Codrington,-38.27,141.97,44.13,90,22,6.29,AU,2020-09-05 15:15:39
356,Touros,-5.2,-35.46,80.6,69,40,14.99,BR,2020-09-05 15:15:39
357,Sinnamary,5.38,-52.95,87.73,59,0,5.41,GF,2020-09-05 15:15:39
358,Aktau,43.65,51.2,78.8,57,0,6.71,KZ,2020-09-05 15:15:40
359,Oussouye,12.48,-16.55,78.8,94,90,4.7,SN,2020-09-05 15:15:40
360,Atchison,39.56,-95.12,77.0,78,1,6.93,US,2020-09-05 15:14:37
361,Najran,17.49,44.13,95.0,15,20,6.93,SA,2020-09-05 15:15:40
362,Kapoeta,4.77,33.59,81.86,58,87,9.82,SS,2020-09-05 15:15:41
363,Belaya Gora,68.53,146.42,45.66,60,100,10.22,RU,2020-09-05 15:15:41
364,Praya,14.92,-23.51,75.2,94,75,14.99,CV,2020-09-05 15:11:03
365,Martinez,38.02,-122.13,68.0,77,1,1.63,US,2020-09-05 15:15:42
366,Namibe,-15.2,12.15,71.6,73,0,13.87,AO,2020-09-05 15:15:42
367,Nemuro,43.32,145.57,62.64,96,98,6.35,JP,2020-09-05 15:15:20
368,Mattawa,46.74,-119.9,69.8,87,1,10.16,US,2020-09-05 15:15:43
369,Lyaskelya,61.77,31.02,60.42,75,100,10.29,RU,2020-09-05 15:15:43
370,Beloha,-25.17,45.05,65.44,62,10,18.05,MG,2020-09-05 15:15:43
371,Kieta,-6.22,155.63,79.07,78,98,4.65,PG,2020-09-05 15:15:44
372,Khasan,42.43,130.64,65.14,86,100,7.05,RU,2020-09-05 15:15:44
373,Qasigiannguit,68.82,-51.19,39.2,80,75,8.05,GL,2020-09-05 15:15:44
374,Havelock,34.88,-76.9,84.2,66,1,13.87,US,2020-09-05 15:10:54
375,Ambalavao,-21.83,46.93,54.68,81,49,8.03,MG,2020-09-05 15:12:49
376,Mantua,45.17,10.78,86.0,47,0,1.99,IT,2020-09-05 15:15:45
377,Formosa,-26.18,-58.18,75.2,27,11,3.36,AR,2020-09-05 15:15:45
378,Mariental,-24.63,17.97,81.14,26,24,1.99,NA,2020-09-05 15:15:45
379,Carnarvon,-24.87,113.63,66.2,100,0,8.05,AU,2020-09-05 15:15:45
380,Almaznyy,48.04,40.05,84.2,25,20,20.13,RU,2020-09-05 15:15:46
381,Khandbari,27.37,87.2,74.93,76,100,1.39,NP,2020-09-05 15:15:46
382,Abu Dhabi,24.47,54.37,102.2,47,0,10.29,AE,2020-09-05 15:11:55
383,Meulaboh,4.14,96.13,78.37,84,100,4.45,ID,2020-09-05 15:12:42
384,Baker City,44.77,-117.83,70.0,62,1,2.8,US,2020-09-05 15:15:46
385,Gorontalo,0.54,123.06,75.51,89,68,2.55,ID,2020-09-05 15:12:41
386,Ilhabela,-23.78,-45.36,76.41,67,71,4.0,BR,2020-09-05 15:15:47
387,Kahului,20.89,-156.47,78.8,65,40,13.87,US,2020-09-05 15:15:47
388,Waddan,29.16,16.14,101.3,16,0,12.03,LY,2020-09-05 15:15:47
389,Akyab,20.15,92.9,83.21,78,97,4.25,MM,2020-09-05 15:15:48
390,Babylon,40.7,-73.33,75.0,38,1,9.17,US,2020-09-05 15:15:48
391,Centralia,46.72,-122.95,60.8,82,90,2.19,US,2020-09-05 15:15:48
392,Poum,-20.23,164.02,70.5,70,3,18.86,NC,2020-09-05 15:15:49
393,Spas-Demensk,54.41,34.02,65.61,89,34,3.11,RU,2020-09-05 15:15:49
394,Buchanan,5.88,-10.05,79.0,81,96,14.2,LR,2020-09-05 15:15:49
395,Weihai,37.5,122.11,73.89,84,0,20.49,CN,2020-09-05 15:13:36
396,Gotsu,35.0,132.22,74.75,93,100,12.66,JP,2020-09-05 15:15:50
397,Mangan,27.52,88.53,76.78,61,100,0.89,IN,2020-09-05 15:15:50
398,Merei,45.13,26.68,82.4,37,40,6.93,RO,2020-09-05 15:15:51
399,Vila Velha,-20.33,-40.29,84.2,51,0,9.17,BR,2020-09-05 15:15:51
400,Tessalit,20.2,1.01,99.86,22,65,5.32,ML,2020-09-05 15:15:52
401,Manaira,-7.71,-38.15,84.18,29,2,10.78,BR,2020-09-05 15:15:52
402,General Pico,-35.66,-63.76,60.67,52,98,17.47,AR,2020-09-05 15:15:53
403,Souillac,-20.52,57.52,69.8,83,40,12.75,MU,2020-09-05 15:15:53
404,Talnakh,69.49,88.4,42.8,70,0,11.18,RU,2020-09-05 15:11:57
405,Port Augusta,-32.5,137.77,48.2,93,0,2.24,AU,2020-09-05 15:15:53
406,Coromandel,-18.47,-47.2,83.62,25,3,9.6,BR,2020-09-05 15:15:54
407,Nagato,34.38,131.2,78.8,83,75,9.17,JP,2020-09-05 15:15:54
408,Madang,-5.22,145.8,78.26,87,100,2.66,PG,2020-09-05 15:15:54
409,Rafiganj,24.82,84.65,87.8,79,75,3.94,IN,2020-09-05 15:15:55
410,Kearney,40.7,-99.08,73.4,82,1,5.82,US,2020-09-05 15:15:55
411,Ayr,55.46,-4.63,59.0,82,40,5.82,GB,2020-09-05 15:13:16
412,Skjervoy,70.03,20.97,50.49,95,100,3.09,NO,2020-09-05 15:15:55
413,Margate,51.38,1.39,66.0,48,72,5.01,GB,2020-09-05 15:15:56
414,San Quintin,30.48,-115.95,79.79,54,0,5.68,MX,2020-09-05 15:15:56
415,Zilair,52.23,57.44,49.41,69,25,4.18,RU,2020-09-05 15:15:56
416,Gladstone,-23.85,151.25,64.4,88,100,4.7,AU,2020-09-05 15:15:56
417,Bandarbeyla,9.49,50.81,76.96,78,12,33.62,SO,2020-09-05 15:15:57
418,Darhan,49.49,105.92,61.27,84,100,7.87,MN,2020-09-05 15:15:57
419,Cabedelo,-6.98,-34.83,82.4,54,40,18.34,BR,2020-09-05 15:15:57
420,Letka,59.6,49.42,57.16,84,23,4.79,RU,2020-09-05 15:15:57
421,Exmouth,50.62,-3.4,66.2,48,40,18.34,GB,2020-09-05 15:15:58
422,Kotovo,50.32,44.8,70.36,36,69,7.94,RU,2020-09-05 15:15:58
423,Heyang,26.1,107.47,70.23,93,100,2.64,CN,2020-09-05 15:15:59
424,Zeya,53.75,127.27,56.59,94,100,5.01,RU,2020-09-05 15:15:59
425,Chalus,36.66,51.42,80.6,74,20,2.24,IR,2020-09-05 15:15:59
426,Matamoros,25.53,-103.25,75.2,64,40,16.04,MX,2020-09-05 15:16:00
427,Andenes,69.31,16.12,55.4,87,75,6.93,NO,2020-09-05 15:16:00
428,Tuy Hoa,13.08,109.3,79.23,85,100,6.62,VN,2020-09-05 15:16:00
429,Dong Hoi,17.48,106.6,83.3,81,100,7.2,VN,2020-09-05 15:16:01
430,Brigantine,39.41,-74.36,77.0,44,1,10.29,US,2020-09-05 15:16:01
431,Mackenzie,55.3,-123.17,51.8,100,90,2.24,CA,2020-09-05 15:16:01
432,Paro,27.43,89.41,64.0,71,95,1.21,BT,2020-09-05 15:16:02
433,Grand-Lahou,5.14,-5.02,79.02,76,88,11.83,CI,2020-09-05 15:16:02
434,Grand Gaube,-20.01,57.66,70.0,74,2,5.01,MU,2020-09-05 15:16:03
435,Inuvik,68.35,-133.72,32.0,87,90,5.82,CA,2020-09-05 15:16:03
436,Xuddur,4.12,43.89,82.06,45,52,17.96,SO,2020-09-05 15:16:03
437,Sisimiut,66.94,-53.67,47.43,79,100,8.99,GL,2020-09-05 15:16:04
438,Dalby,-27.18,151.27,60.01,67,100,1.57,AU,2020-09-05 15:15:53
439,Whyalla,-33.03,137.58,48.2,93,0,2.24,AU,2020-09-05 15:16:04
440,Bridlington,54.08,-0.19,63.0,51,75,16.11,GB,2020-09-05 15:13:42
441,Tokat,40.42,36.58,62.67,84,37,8.34,TR,2020-09-05 15:16:04
442,Dolores,-36.31,-57.68,56.84,50,0,8.14,AR,2020-09-05 15:16:05
443,Sao Filipe,14.9,-24.5,80.62,77,100,6.13,CV,2020-09-05 15:16:05
444,Saint-Joseph,-21.37,55.62,69.8,77,75,16.11,RE,2020-09-05 15:16:05
445,Evensk,61.95,159.23,47.23,72,78,8.48,RU,2020-09-05 15:16:06
446,Chipinge,-20.19,32.62,61.9,59,0,9.35,ZW,2020-09-05 15:16:06
447,Salisbury,51.07,-1.8,64.99,52,78,12.75,GB,2020-09-05 15:16:06
448,Muros,42.78,-9.06,77.0,61,0,10.0,ES,2020-09-05 15:16:06
449,Bahir Dar,11.59,37.39,68.72,75,43,2.3,ET,2020-09-05 15:16:07
450,Ilinskiy,55.62,38.12,68.0,52,98,8.95,RU,2020-09-05 15:16:07
451,Kamaishi,39.27,141.88,70.39,87,20,2.53,JP,2020-09-05 15:11:36
452,Muravlenko,63.79,74.52,49.17,66,100,21.39,RU,2020-09-05 15:12:13
453,Aksu,41.12,80.26,76.87,25,0,3.96,CN,2020-09-05 15:16:08
454,Olga,43.74,135.29,63.99,86,98,2.15,RU,2020-09-05 15:16:08
455,Narsaq,60.92,-46.05,46.4,87,75,5.82,GL,2020-09-05 15:16:09
456,Quixada,-4.97,-39.02,91.49,30,0,11.03,BR,2020-09-05 15:16:09
457,Quelimane,-17.88,36.89,77.0,60,40,5.82,MZ,2020-09-05 15:16:09
458,Bay Roberts,47.6,-53.26,75.0,14,95,18.61,CA,2020-09-05 15:16:09
459,Mangrol,21.12,70.12,82.96,81,98,10.71,IN,2020-09-05 15:16:10
460,Hobyo,5.35,48.53,77.65,74,40,27.72,SO,2020-09-05 15:16:10
461,Porbandar,21.64,69.61,83.59,77,55,11.92,IN,2020-09-05 15:16:10
462,Buzmeyin,38.05,58.21,89.6,19,40,13.87,TM,2020-09-05 15:16:11
463,Biloela,-24.42,150.5,60.89,91,92,2.59,AU,2020-09-05 15:16:11
464,Bawku,11.06,-0.24,80.15,78,75,14.76,GH,2020-09-05 15:13:05
465,Terrace,54.52,-128.6,55.4,100,90,4.7,CA,2020-09-05 15:12:59
466,Verkhnevilyuysk,63.45,120.32,51.85,92,99,5.93,RU,2020-09-05 15:16:12
467,Sola,-13.88,167.55,77.7,78,76,22.26,VU,2020-09-05 15:16:12
468,Palaia Fokaia,37.72,23.95,84.99,32,20,19.46,GR,2020-09-05 15:16:12
469,Soyo,-6.13,12.37,78.8,74,75,6.93,AO,2020-09-05 15:16:13
470,Asau,46.43,26.4,68.0,74,44,6.42,RO,2020-09-05 15:16:13
471,Camana,-16.62,-72.71,63.57,68,69,9.64,PE,2020-09-05 15:16:13
472,Bayan,46.08,127.4,66.0,75,5,9.66,CN,2020-09-05 15:16:14
473,Mecca,21.43,39.83,99.99,23,30,9.75,SA,2020-09-05 15:15:01
474,Anchorage,61.22,-149.9,43.0,80,1,4.07,US,2020-09-05 15:16:14
475,Port-Gentil,-0.72,8.78,82.4,65,20,14.99,GA,2020-09-05 15:16:14
476,Kidal,18.44,1.41,98.55,24,88,8.77,ML,2020-09-05 15:16:15
477,La Rioja,42.25,-2.5,78.8,44,0,6.93,ES,2020-09-05 15:16:15
478,Lander,42.83,-108.73,71.01,29,1,1.63,US,2020-09-05 15:16:15
479,Chimbote,-9.09,-78.58,65.53,68,58,8.5,PE,2020-09-05 15:14:42
480,Bud,39.45,-86.18,73.0,53,1,6.93,US,2020-09-05 15:16:16
481,Avera,33.19,-82.53,86.0,70,1,5.82,US,2020-09-05 15:16:16
482,Tashla,51.77,52.74,61.21,44,34,8.08,RU,2020-09-05 15:16:16
483,Lucapa,-8.42,20.74,89.62,17,2,5.41,AO,2020-09-05 15:16:16
484,Naze,28.37,129.48,80.6,88,75,32.21,JP,2020-09-05 15:14:30
485,Togur,58.36,82.83,46.0,98,100,5.28,RU,2020-09-05 15:16:17
486,Yerofey Pavlovich,53.97,121.97,51.71,93,93,3.74,RU,2020-09-05 15:13:17
487,Coahuayana,18.73,-103.68,71.6,78,75,4.34,MX,2020-09-05 15:16:18
488,Khorixas,-20.37,14.97,86.16,14,0,20.2,NA,2020-09-05 15:16:18
489,Rajauri,33.38,74.3,72.66,74,23,1.99,IN,2020-09-05 15:16:19
490,Ghanzi,-21.57,21.78,85.35,14,0,12.28,BW,2020-09-05 15:16:19
491,Ullapool,57.9,-5.16,55.99,75,74,5.01,GB,2020-09-05 15:16:19
492,Bulawayo,-20.15,28.58,70.12,30,0,12.93,ZW,2020-09-05 15:16:19
493,Zhucheng,35.99,119.4,71.89,79,1,6.04,CN,2020-09-05 15:16:20
494,Kalamata,37.04,22.11,84.99,48,75,12.75,GR,2020-09-05 15:16:20
495,Souris,49.62,-100.26,66.0,67,75,3.36,CA,2020-09-05 15:16:20
496,Aasiaat,68.71,-52.87,38.79,75,95,6.35,GL,2020-09-05 15:16:21
497,Stara Vyzhivka,51.44,24.44,72.5,68,58,5.95,UA,2020-09-05 15:16:21
498,Sohagpur,22.7,78.2,80.1,78,44,4.72,IN,2020-09-05 15:16:22
499,Buritizeiro,-17.35,-44.96,89.8,19,0,8.75,BR,2020-09-05 15:16:22
500,Lodja,-3.48,23.43,91.33,33,98,1.39,CD,2020-09-05 15:16:22
501,Haines Junction,60.75,-137.51,37.27,82,29,1.66,CA,2020-09-05 15:16:22
502,Sydney,-33.87,151.21,55.99,93,20,5.82,AU,2020-09-05 15:12:30
503,Urumqi,43.8,87.6,80.01,38,11,6.71,CN,2020-09-05 15:16:23
504,Mitsamiouli,-11.38,43.28,80.6,69,40,18.34,KM,2020-09-05 15:16:23
505,Muisne,0.6,-80.03,77.0,88,90,8.05,EC,2020-09-05 15:16:24
506,Micomeseng,2.15,10.62,72.7,90,100,6.4,GQ,2020-09-05 15:16:24
507,Leh,34.17,77.58,62.96,30,64,6.78,IN,2020-09-05 15:16:24
508,Sangar,63.92,127.47,53.8,85,100,3.22,RU,2020-09-05 15:16:24
509,Salihorsk,52.79,27.54,69.19,72,93,5.53,BY,2020-09-05 15:12:32
510,Ukiah,39.15,-123.21,60.01,67,1,2.01,US,2020-09-05 15:16:25
511,Rawson,-43.3,-65.1,51.6,46,23,15.03,AR,2020-09-05 15:16:25
512,Pipri,19.8,75.53,80.6,78,40,2.24,IN,2020-09-05 15:16:25
513,Thung Song,8.16,99.68,77.11,89,59,1.25,TH,2020-09-05 15:16:26
514,Rjukan,59.88,8.59,64.0,72,69,15.99,NO,2020-09-05 15:16:26
515,Vao,-22.67,167.48,69.67,74,70,21.27,NC,2020-09-05 15:16:26
516,Rapid Valley,44.06,-103.15,81.0,30,1,3.36,US,2020-09-05 15:16:27
517,Yenagoa,4.92,6.26,79.39,80,100,11.36,NG,2020-09-05 15:16:27
518,Mandalgovi,45.76,106.27,59.25,57,0,6.02,MN,2020-09-05 15:16:28
519,Comodoro Rivadavia,-45.87,-67.5,53.6,52,86,18.34,AR,2020-09-05 15:16:28
520,Bria,6.54,21.99,77.5,91,73,5.08,CF,2020-09-05 15:16:28
521,Ixtapa,20.7,-105.2,80.6,88,90,4.7,MX,2020-09-05 15:16:29
522,Maiduguri,11.85,13.16,90.01,52,71,7.92,NG,2020-09-05 15:15:27
523,Severnyy,50.68,36.55,69.8,37,100,4.47,RU,2020-09-05 15:16:29
524,Rio Gallegos,-51.62,-69.22,41.0,80,40,17.22,AR,2020-09-05 15:16:29
525,Dingle,11.0,122.67,78.3,89,96,2.62,PH,2020-09-05 15:16:30
526,Bubaque,11.28,-15.83,77.67,88,99,19.22,GW,2020-09-05 15:16:30
527,Botwood,49.15,-55.35,66.0,94,100,1.99,CA,2020-09-05 15:16:30
528,Gorom-Gorom,14.44,-0.24,89.42,48,96,4.83,BF,2020-09-05 15:16:30
529,Maraba,-5.37,-49.12,93.2,44,92,4.7,BR,2020-09-05 15:12:00
530,Crib Point,-38.35,145.2,46.0,87,0,7.61,AU,2020-09-05 15:16:31
531,Sakakah,29.97,40.21,107.6,6,0,4.7,SA,2020-09-05 15:16:31
532,Morant Bay,17.88,-76.41,86.0,62,20,5.82,JM,2020-09-05 15:16:31
533,Victor Harbor,-35.57,138.62,44.01,91,0,5.3,AU,2020-09-05 15:16:07
534,Kununurra,-15.77,128.73,75.2,57,38,1.12,AU,2020-09-05 15:16:32
535,Kiunga,-6.12,141.29,73.09,98,100,2.33,PG,2020-09-05 15:16:32
536,Nicolas Bravo,18.45,-88.92,75.2,100,75,4.97,MX,2020-09-05 15:16:32
537,Bilibino,68.05,166.44,30.11,92,13,2.86,RU,2020-09-05 15:16:33
